{
	"sources" : 
	[
		{
			"file" : "E:/Metropolia_UAS/Year_03/Semester_01/Period_01/ARM_Processsors_and_Embedded_OSs/Project_1/codebase/cmake-build-debug/pico-sdk/src/rp2_common/tinyusb/CMakeFiles/PioasmBuild"
		},
		{
			"file" : "E:/Metropolia_UAS/Year_03/Semester_01/Period_01/ARM_Processsors_and_Embedded_OSs/Project_1/codebase/cmake-build-debug/pico-sdk/src/rp2_common/tinyusb/CMakeFiles/PioasmBuild.rule"
		},
		{
			"file" : "E:/Metropolia_UAS/Year_03/Semester_01/Period_01/ARM_Processsors_and_Embedded_OSs/Project_1/codebase/cmake-build-debug/pico-sdk/src/rp2_common/tinyusb/CMakeFiles/PioasmBuild-complete.rule"
		},
		{
			"file" : "E:/Metropolia_UAS/Year_03/Semester_01/Period_01/ARM_Processsors_and_Embedded_OSs/Project_1/codebase/cmake-build-debug/pico-sdk/src/rp2_common/tinyusb/pioasm/src/PioasmBuild-stamp/PioasmBuild-build.rule"
		},
		{
			"file" : "E:/Metropolia_UAS/Year_03/Semester_01/Period_01/ARM_Processsors_and_Embedded_OSs/Project_1/codebase/cmake-build-debug/pico-sdk/src/rp2_common/tinyusb/pioasm/src/PioasmBuild-stamp/PioasmBuild-configure.rule"
		},
		{
			"file" : "E:/Metropolia_UAS/Year_03/Semester_01/Period_01/ARM_Processsors_and_Embedded_OSs/Project_1/codebase/cmake-build-debug/pico-sdk/src/rp2_common/tinyusb/pioasm/src/PioasmBuild-stamp/PioasmBuild-download.rule"
		},
		{
			"file" : "E:/Metropolia_UAS/Year_03/Semester_01/Period_01/ARM_Processsors_and_Embedded_OSs/Project_1/codebase/cmake-build-debug/pico-sdk/src/rp2_common/tinyusb/pioasm/src/PioasmBuild-stamp/PioasmBuild-install.rule"
		},
		{
			"file" : "E:/Metropolia_UAS/Year_03/Semester_01/Period_01/ARM_Processsors_and_Embedded_OSs/Project_1/codebase/cmake-build-debug/pico-sdk/src/rp2_common/tinyusb/pioasm/src/PioasmBuild-stamp/PioasmBuild-mkdir.rule"
		},
		{
			"file" : "E:/Metropolia_UAS/Year_03/Semester_01/Period_01/ARM_Processsors_and_Embedded_OSs/Project_1/codebase/cmake-build-debug/pico-sdk/src/rp2_common/tinyusb/pioasm/src/PioasmBuild-stamp/PioasmBuild-patch.rule"
		},
		{
			"file" : "E:/Metropolia_UAS/Year_03/Semester_01/Period_01/ARM_Processsors_and_Embedded_OSs/Project_1/codebase/cmake-build-debug/pico-sdk/src/rp2_common/tinyusb/pioasm/src/PioasmBuild-stamp/PioasmBuild-update.rule"
		}
	],
	"target" : 
	{
		"labels" : 
		[
			"PioasmBuild"
		],
		"name" : "PioasmBuild"
	}
}