{
	"sources" : 
	[
		{
			"file" : "E:/Metropolia_UAS/Year_03/Semester_01/Period_01/ARM_Processsors_and_Embedded_OSs/Project_1/codebase/cmake-build-debug/src/CMakeFiles/ELF2UF2Build"
		},
		{
			"file" : "E:/Metropolia_UAS/Year_03/Semester_01/Period_01/ARM_Processsors_and_Embedded_OSs/Project_1/codebase/cmake-build-debug/src/CMakeFiles/ELF2UF2Build.rule"
		},
		{
			"file" : "E:/Metropolia_UAS/Year_03/Semester_01/Period_01/ARM_Processsors_and_Embedded_OSs/Project_1/codebase/cmake-build-debug/src/CMakeFiles/ELF2UF2Build-complete.rule"
		},
		{
			"file" : "E:/Metropolia_UAS/Year_03/Semester_01/Period_01/ARM_Processsors_and_Embedded_OSs/Project_1/codebase/cmake-build-debug/src/elf2uf2/src/ELF2UF2Build-stamp/ELF2UF2Build-build.rule"
		},
		{
			"file" : "E:/Metropolia_UAS/Year_03/Semester_01/Period_01/ARM_Processsors_and_Embedded_OSs/Project_1/codebase/cmake-build-debug/src/elf2uf2/src/ELF2UF2Build-stamp/ELF2UF2Build-configure.rule"
		},
		{
			"file" : "E:/Metropolia_UAS/Year_03/Semester_01/Period_01/ARM_Processsors_and_Embedded_OSs/Project_1/codebase/cmake-build-debug/src/elf2uf2/src/ELF2UF2Build-stamp/ELF2UF2Build-download.rule"
		},
		{
			"file" : "E:/Metropolia_UAS/Year_03/Semester_01/Period_01/ARM_Processsors_and_Embedded_OSs/Project_1/codebase/cmake-build-debug/src/elf2uf2/src/ELF2UF2Build-stamp/ELF2UF2Build-install.rule"
		},
		{
			"file" : "E:/Metropolia_UAS/Year_03/Semester_01/Period_01/ARM_Processsors_and_Embedded_OSs/Project_1/codebase/cmake-build-debug/src/elf2uf2/src/ELF2UF2Build-stamp/ELF2UF2Build-mkdir.rule"
		},
		{
			"file" : "E:/Metropolia_UAS/Year_03/Semester_01/Period_01/ARM_Processsors_and_Embedded_OSs/Project_1/codebase/cmake-build-debug/src/elf2uf2/src/ELF2UF2Build-stamp/ELF2UF2Build-patch.rule"
		},
		{
			"file" : "E:/Metropolia_UAS/Year_03/Semester_01/Period_01/ARM_Processsors_and_Embedded_OSs/Project_1/codebase/cmake-build-debug/src/elf2uf2/src/ELF2UF2Build-stamp/ELF2UF2Build-update.rule"
		}
	],
	"target" : 
	{
		"labels" : 
		[
			"ELF2UF2Build"
		],
		"name" : "ELF2UF2Build"
	}
}